{"Neon":[1,false,1.0,0.99794535519125682,false,false,0.8,false,1.0,1.0,true,0,false,0.8,0.6,false,0.9,0.1,0.2,0.3,20.0,true,true,true,true,true,true,true,true,true,true,true,true,true,0.5,0,0.5,2.0,1.0,1.0,1.0,0.2,0.1,2.0,0.5,0.5,0.25,0.2,-0.03,0.0,0.1,0.0,0.3,1.0,true,0.3,0.8,0,1,0.2,1.0,true,0,true,0.2,50000.0,1.0,1.0,0.5,0,0.5,2.0,1.0,1.0,1.0,0.2,0.1,2.0,0.5,0.5,0.25,0.2,-0.03,0.0,0.1,0.0,0.3,1.0,true,0.3,0.8,0,1,0.2,1.0,true,0,true,0.2,50000.0,1.0,1.0,0.5,0,0.5,2.0,1.0,1.0,1.0,0.2,0.1,2.0,0.5,0.5,0.25,0.2,-0.03,0.0,0.1,0.0,0.3,1.0,true,0.3,0.8,0,1,0.2,1.0,true,0,true,0.2,50000.0,1.0,1.0,0.5,0,0.5,2.0,1.0,1.0,1.0,0.2,0.1,2.0,0.5,0.5,0.25,0.2,-0.03,0.0,0.1,0.0,0.3,1.0,true,0.3,0.8,0,1,0.2,1.0,true,0,true,0.2,50000.0,1.0,1.0,0.5,0,0.5,2.0,1.0,1.0,1.0,0.2,0.1,2.0,0.5,0.5,0.25,0.2,-0.03,0.0,0.1,0.0,0.3,1.0,true,0.3,0.8,0,1,0.2,1.0,true,0,true,0.2,50000.0,1.0,1.0,0.5,0,0.5,2.0,1.0,1.0,1.0,0.2,0.1,2.0,0.5,0.5,0.25,0.2,-0.03,0.0,0.1,0.0,0.3,1.0,true,0.3,0.8,0,1,0.2,1.0,true,0,true,0.2,50000.0,1.0,1.0,0.5,0,0.5,2.0,1.0,1.0,1.0,0.2,0.1,2.0,0.5,0.5,0.25,0.2,-0.03,0.0,0.1,0.0,0.3,1.0,true,0.3,0.8,0,1,0.2,1.0,true,0,true,0.2,50000.0,1.0,1.0,0.5,0,0.5,2.0,1.0,1.0,1.0,0.2,0.1,2.0,0.5,0.5,0.25,0.2,-0.03,0.0,0.1,0.0,0.3,1.0,true,0.3,0.8,0,1,0.2,1.0,true,0,true,0.2,50000.0,1.0,1.0],"Synthesia 10":[0,false,1.0,0.99794535519125682,false,false,0.8,false,1.0,1.0,true,0,false,0.8,0.6,false,0.9,0.1,0.2,0.3,20.0,true,true,true,true,true,true,true,true,true,true,true,true,true,0.5,0,0.5,2.0,1.0,1.0,1.0,0.2,0.1,2.0,0.5,0.5,0.25,0.2,-0.03,0.0,0.1,0.0,0.3,1.0,true,0.3,0.8,0,1,0.2,1.0,true,0,true,0.2,50000.0,1.0,1.0,0.5,0,0.5,2.0,1.0,1.0,1.0,0.2,0.1,2.0,0.5,0.5,0.25,0.2,-0.03,0.0,0.1,0.0,0.3,1.0,true,0.3,0.8,0,1,0.2,1.0,true,0,true,0.2,50000.0,1.0,1.0,0.5,0,0.5,2.0,1.0,1.0,1.0,0.2,0.1,2.0,0.5,0.5,0.25,0.2,-0.03,0.0,0.1,0.0,0.3,1.0,true,0.3,0.8,0,1,0.2,1.0,true,0,true,0.2,50000.0,1.0,1.0,0.5,0,0.5,2.0,1.0,1.0,1.0,0.2,0.1,2.0,0.5,0.5,0.25,0.2,-0.03,0.0,0.1,0.0,0.3,1.0,true,0.3,0.8,0,1,0.2,1.0,true,0,true,0.2,50000.0,1.0,1.0,0.5,0,0.5,2.0,1.0,1.0,1.0,0.2,0.1,2.0,0.5,0.5,0.25,0.2,-0.03,0.0,0.1,0.0,0.3,1.0,true,0.3,0.8,0,1,0.2,1.0,true,0,true,0.2,50000.0,1.0,1.0,0.5,0,0.5,2.0,1.0,1.0,1.0,0.2,0.1,2.0,0.5,0.5,0.25,0.2,-0.03,0.0,0.1,0.0,0.3,1.0,true,0.3,0.8,0,1,0.2,1.0,true,0,true,0.2,50000.0,1.0,1.0,0.5,0,0.5,2.0,1.0,1.0,1.0,0.2,0.1,2.0,0.5,0.5,0.25,0.2,-0.03,0.0,0.1,0.0,0.3,1.0,true,0.3,0.8,0,1,0.2,1.0,true,0,true,0.2,50000.0,1.0,1.0,0.5,0,0.5,2.0,1.0,1.0,1.0,0.2,0.1,2.0,0.5,0.5,0.25,0.2,-0.03,0.0,0.1,0.0,0.3,1.0,true,0.3,0.8,0,1,0.2,1.0,true,0,true,0.2,50000.0,1.0,1.0],"Synthesia 9":[1,false,1.0,0.99794535519125682,false,false,0.8,false,1.0,1.0,true,0,false,0.8,0.6,false,0.9,0.1,0.2,0.3,20.0,true,true,true,true,true,true,true,true,true,true,true,true,true,0.5,0,0.5,2.0,1.0,1.0,1.0,0.2,0.1,2.0,0.5,0.5,0.25,0.2,-0.03,0.0,0.1,0.0,0.3,1.0,true,0.3,0.8,0,1,0.2,1.0,true,0,true,0.2,50000.0,1.0,1.0,0.5,0,0.5,2.0,1.0,1.0,1.0,0.2,0.1,2.0,0.5,0.5,0.25,0.2,-0.03,0.0,0.1,0.0,0.3,1.0,true,0.3,0.8,0,1,0.2,1.0,true,0,true,0.2,50000.0,1.0,1.0,0.5,0,0.5,2.0,1.0,1.0,1.0,0.2,0.1,2.0,0.5,0.5,0.25,0.2,-0.03,0.0,0.1,0.0,0.3,1.0,true,0.3,0.8,0,1,0.2,1.0,true,0,true,0.2,50000.0,1.0,1.0,0.5,0,0.5,2.0,1.0,1.0,1.0,0.2,0.1,2.0,0.5,0.5,0.25,0.2,-0.03,0.0,0.1,0.0,0.3,1.0,true,0.3,0.8,0,1,0.2,1.0,true,0,true,0.2,50000.0,1.0,1.0,0.5,0,0.5,2.0,1.0,1.0,1.0,0.2,0.1,2.0,0.5,0.5,0.25,0.2,-0.03,0.0,0.1,0.0,0.3,1.0,true,0.3,0.8,0,1,0.2,1.0,true,0,true,0.2,50000.0,1.0,1.0,0.5,0,0.5,2.0,1.0,1.0,1.0,0.2,0.1,2.0,0.5,0.5,0.25,0.2,-0.03,0.0,0.1,0.0,0.3,1.0,true,0.3,0.8,0,1,0.2,1.0,true,0,true,0.2,50000.0,1.0,1.0,0.5,0,0.5,2.0,1.0,1.0,1.0,0.2,0.1,2.0,0.5,0.5,0.25,0.2,-0.03,0.0,0.1,0.0,0.3,1.0,true,0.3,0.8,0,1,0.2,1.0,true,0,true,0.2,50000.0,1.0,1.0,0.5,0,0.5,2.0,1.0,1.0,1.0,0.2,0.1,2.0,0.5,0.5,0.25,0.2,-0.03,0.0,0.1,0.0,0.3,1.0,true,0.3,0.8,0,1,0.2,1.0,true,0,true,0.2,50000.0,1.0,1.0],"Synthesia 8":[3,false,1.0,1.0,false,false,0.8,false,1.0,1.0,true,0,false,0.8,0.6,false,0.9,0.1,0.2,0.3,20.0,true,true,true,true,true,true,true,true,true,true,true,true,true,0.5,0,0.5,2.0,1.0,1.0,1.0,0.2,0.1,2.0,0.5,0.5,0.25,0.2,-0.03,0.0,0.1,0.0,0.3,1.0,true,0.3,0.8,0,1,0.2,1.0,true,0,true,0.2,50000.0,1.0,1.0,0.5,0,0.5,2.0,1.0,1.0,1.0,0.2,0.1,2.0,0.5,0.5,0.25,0.2,-0.03,0.0,0.1,0.0,0.3,1.0,true,0.3,0.8,0,1,0.2,1.0,true,0,true,0.2,50000.0,1.0,1.0,0.5,0,0.5,2.0,1.0,1.0,1.0,0.2,0.1,2.0,0.5,0.5,0.25,0.2,-0.03,0.0,0.1,0.0,0.3,1.0,true,0.3,0.8,0,1,0.2,1.0,true,0,true,0.2,50000.0,1.0,1.0,0.5,0,0.5,2.0,1.0,1.0,1.0,0.2,0.1,2.0,0.5,0.5,0.25,0.2,-0.03,0.0,0.1,0.0,0.3,1.0,true,0.3,0.8,0,1,0.2,1.0,true,0,true,0.2,50000.0,1.0,1.0,0.5,0,0.5,2.0,1.0,1.0,1.0,0.2,0.1,2.0,0.5,0.5,0.25,0.2,-0.03,0.0,0.1,0.0,0.3,1.0,true,0.3,0.8,0,1,0.2,1.0,true,0,true,0.2,50000.0,1.0,1.0,0.5,0,0.5,2.0,1.0,1.0,1.0,0.2,0.1,2.0,0.5,0.5,0.25,0.2,-0.03,0.0,0.1,0.0,0.3,1.0,true,0.3,0.8,0,1,0.2,1.0,true,0,true,0.2,50000.0,1.0,1.0,0.5,0,0.5,2.0,1.0,1.0,1.0,0.2,0.1,2.0,0.5,0.5,0.25,0.2,-0.03,0.0,0.1,0.0,0.3,1.0,true,0.3,0.8,0,1,0.2,1.0,true,0,true,0.2,50000.0,1.0,1.0,0.5,0,0.5,2.0,1.0,1.0,1.0,0.2,0.1,2.0,0.5,0.5,0.25,0.2,-0.03,0.0,0.1,0.0,0.3,1.0,true,0.3,0.8,0,1,0.2,1.0,true,0,true,0.2,50000.0,1.0,1.0],"Synthesia 7":[4,false,1.0,1.0,false,false,0.8,false,1.0,1.0,true,0,false,0.8,0.6,false,0.9,0.1,0.2,0.3,20.0,true,true,true,true,true,true,true,true,true,true,true,true,true,0.5,0,0.5,2.0,1.0,1.0,1.0,0.2,0.1,2.0,0.5,0.5,0.25,0.2,-0.03,0.0,0.1,0.0,0.3,1.0,true,0.3,0.8,0,1,0.2,1.0,true,0,true,0.2,50000.0,1.0,1.0,0.5,0,0.5,2.0,1.0,1.0,1.0,0.2,0.1,2.0,0.5,0.5,0.25,0.2,-0.03,0.0,0.1,0.0,0.3,1.0,true,0.3,0.8,0,1,0.2,1.0,true,0,true,0.2,50000.0,1.0,1.0,0.5,0,0.5,2.0,1.0,1.0,1.0,0.2,0.1,2.0,0.5,0.5,0.25,0.2,-0.03,0.0,0.1,0.0,0.3,1.0,true,0.3,0.8,0,1,0.2,1.0,true,0,true,0.2,50000.0,1.0,1.0,0.5,0,0.5,2.0,1.0,1.0,1.0,0.2,0.1,2.0,0.5,0.5,0.25,0.2,-0.03,0.0,0.1,0.0,0.3,1.0,true,0.3,0.8,0,1,0.2,1.0,true,0,true,0.2,50000.0,1.0,1.0,0.5,0,0.5,2.0,1.0,1.0,1.0,0.2,0.1,2.0,0.5,0.5,0.25,0.2,-0.03,0.0,0.1,0.0,0.3,1.0,true,0.3,0.8,0,1,0.2,1.0,true,0,true,0.2,50000.0,1.0,1.0,0.5,0,0.5,2.0,1.0,1.0,1.0,0.2,0.1,2.0,0.5,0.5,0.25,0.2,-0.03,0.0,0.1,0.0,0.3,1.0,true,0.3,0.8,0,1,0.2,1.0,true,0,true,0.2,50000.0,1.0,1.0,0.5,0,0.5,2.0,1.0,1.0,1.0,0.2,0.1,2.0,0.5,0.5,0.25,0.2,-0.03,0.0,0.1,0.0,0.3,1.0,true,0.3,0.8,0,1,0.2,1.0,true,0,true,0.2,50000.0,1.0,1.0,0.5,0,0.5,2.0,1.0,1.0,1.0,0.2,0.1,2.0,0.5,0.5,0.25,0.2,-0.03,0.0,0.1,0.0,0.3,1.0,true,0.3,0.8,0,1,0.2,1.0,true,0,true,0.2,50000.0,1.0,1.0],"Neon (Flame)":[1,false,1.0,0.99794535519125682,false,false,0.8,false,1.0,1.0,true,2,false,0.8,0.6,false,0.9,0.1,0.2,0.3,20.0,true,true,true,true,true,true,true,true,true,true,true,true,true,0.5,0,0.5,2.0,1.0,1.0,1.0,0.2,0.1,2.0,0.5,0.5,0.25,0.2,-0.03,0.0,0.1,0.0,0.3,1.0,true,0.3,0.8,0,1,0.2,1.0,true,0,true,0.2,50000.0,1.0,1.0,0.5,0,0.5,2.0,1.0,1.0,1.0,0.2,0.1,2.0,0.5,0.5,0.25,0.2,-0.03,0.0,0.1,0.0,0.3,1.0,true,0.3,0.8,0,1,0.2,1.0,true,0,true,0.2,50000.0,1.0,1.0,0.5,0,0.5,2.0,1.0,1.0,1.0,0.2,0.1,2.0,0.5,0.5,0.25,0.2,-0.03,0.0,0.1,0.0,0.3,1.0,true,0.3,0.8,0,1,0.2,1.0,true,0,true,0.2,50000.0,1.0,1.0,0.5,0,0.5,2.0,1.0,1.0,1.0,0.2,0.1,2.0,0.5,0.5,0.25,0.2,-0.03,0.0,0.1,0.0,0.3,1.0,true,0.3,0.8,0,1,0.2,1.0,true,0,true,0.2,50000.0,1.0,1.0,0.5,0,0.5,2.0,1.0,1.0,1.0,0.2,0.1,2.0,0.5,0.5,0.25,0.2,-0.03,0.0,0.1,0.0,0.3,1.0,true,0.3,0.8,0,1,0.2,1.0,true,0,true,0.2,50000.0,1.0,1.0,0.5,0,0.5,2.0,1.0,1.0,1.0,0.2,0.1,2.0,0.5,0.5,0.25,0.2,-0.03,0.0,0.1,0.0,0.3,1.0,true,0.3,0.8,0,1,0.2,1.0,true,0,true,0.2,50000.0,1.0,1.0,0.5,0,0.5,2.0,1.0,1.0,1.0,0.2,0.1,2.0,0.5,0.5,0.25,0.2,-0.03,0.0,0.1,0.0,0.3,1.0,true,0.3,0.8,0,1,0.2,1.0,true,0,true,0.2,50000.0,1.0,1.0,0.5,0,0.5,2.0,1.0,1.0,1.0,0.2,0.1,2.0,0.5,0.5,0.25,0.2,-0.03,0.0,0.1,0.0,0.3,1.0,true,0.3,0.8,0,1,0.2,1.0,true,0,true,0.2,50000.0,1.0,1.0],